"name","klasifikaciona_oznaka","code","group_id","napomena","rok_cuvanja_meseci","rok_cuvanja_godina","default_arh_pozicija"
"Akt (ugovor članova društva ili Statut a.d., odluka) o osnivanju, pripajanju i druge statusne promene, akt o obrazovanju ogranka društva",,1,"00 Predmeti koji se odnose na osnivanje i organizaciju Društva",,5,"5 godina ","Centralna Arhiva"
"Rešenje o registraciji i svi upisi u registar, evidencija o članovima društva - knjiga udela odnosno knjiga akcija Predmeti koji se odnose na osnivanje i organizaciju Društva",,2,"00 Predmeti koji se odnose na osnivanje i organizaciju Društva",,10,"5 godina ",
"Prijava nadležnim organima o početku poslovanja Predmeti koji se odnose na osnivanje i organizaciju Društva",,3,"00 Predmeti koji se odnose na osnivanje i organizaciju Društva",,0,,
"Predmeti u vezi upisa u registar kod nadležnog organa - Sud, APR (prijava upisa, promena naziva, promena i proširenje delatnosti, promena lica ovlašćenog za zastupanje, promena i istupanje osnivača, promena podataka u registru i dr.) Predmeti koji se odnose na osnivanje i organizaciju Društva",,4,"00 Predmeti koji se odnose na osnivanje i organizaciju Društva",,0,,
"Odluka o osnivanju privrednog društva, povezanih društava (grupacija), poslovnih udruženja i drugih oblika povezivanja, zapisnici i odluke: skupštine, odbora direktora, upravnog i nadzornog odbora društva, zapisnik odbora revizora, njihovi pisani nalozi i zaključci Predmeti koji se odnose na osnivanje i organizaciju Društva",,5,"00 Predmeti koji se odnose na osnivanje i organizaciju Društva",,0,,
"Ostali predmeti koji se odnose na osnivanje i organizaciju poslovanja (integracije, likvidacije, sanacije, stečaj, spajanje i sl.), dokumentacija koja dokazuje svojinu i sva druga prava društva na imovinu, lista povezanih društava sa podacima o udelima, odnosno akcijama i drugim pravima,dokumentacija o prenosu udela, odnosno akcija, Predmeti koji se odnose na osnivanje i organizaciju Društva",,6,"00 Predmeti koji se odnose na osnivanje i organizaciju Društva",,0,,
"Rešenje o uknjižbi i korišćenju građevinskog zemljišta Predmeti koji se odnose na osnivanje i organizaciju Društva",,7,"00 Predmeti koji se odnose na osnivanje i organizaciju Društva",,0,,
"Zahtev i prijava za otvaranje žiro-tekućeg računa Predmeti koji se odnose na osnivanje i organizaciju Društva",,8,"00 Predmeti koji se odnose na osnivanje i organizaciju Društva",,0,,
"Zahtev i karton deponovanih potpisa ovlašćenih lica Predmeti koji se odnose na osnivanje i organizaciju Društva",,9,"00 Predmeti koji se odnose na osnivanje i organizaciju Društva",,0,,
"Predlog i rešenja o postavljanju direktora, knjiga odluka, Predmeti koji se odnose na osnivanje i organizaciju Društva",,10,"00 Predmeti koji se odnose na osnivanje i organizaciju Društva",,0,,
"Zapisnici o izboru i konstituisanju organa upravljanja Predmeti koji se odnose na osnivanje i organizaciju Društva",,11,"00 Predmeti koji se odnose na osnivanje i organizaciju Društva",,0,,
"Programi rada i izveštaji organa upravljanja Predmeti koji se odnose na osnivanje i organizaciju Društva",,12,"00 Predmeti koji se odnose na osnivanje i organizaciju Društva",,0,,
"Zapisnici sa materijalima i odlukama sa sednica Upravnog. Izvršnog i Nadzornog odbora, Skupštine Predmeti koji se odnose na osnivanje i organizaciju Društva",,13,"00 Predmeti koji se odnose na osnivanje i organizaciju Društva",,0," ",
"Izveštaji odbora direktora, odnosno Izvršnog odbora i nadzornog odbora Predmeti koji se odnose na osnivanje i organizaciju Društva",,14,"00 Predmeti koji se odnose na osnivanje i organizaciju Društva",,60,"5 godina ",
"Evidencije o adresama direkotora i članova nadzornog odbora Predmeti koji se odnose na osnivanje i organizaciju Društva",,15,"00 Predmeti koji se odnose na osnivanje i organizaciju Društva",,60,"5 godina ",
"Ostala dokumentacija iz ove oblasti Predmeti koji se odnose na osnivanje i organizaciju Društva",,16,"00 Predmeti koji se odnose na osnivanje i organizaciju Društva",,120,"10 godina ",
"Ugovori i elaborati o poslovno-tehničkoj saradnji, studije i elaborati o proceni vrednosti kapitala Pravni i opšti poslovi",,101,"01 Pravni i opšti poslovi",,0,"Trajno",
"Godišnji planovi i programi rada, programi razvoja Pravni i opšti poslovi",,102,"01 Pravni i opšti poslovi",,0,"Trajno",
"Izveštaji o izvršenju planova i programa Pravni i opšti poslovi",,103,"01 Pravni i opšti poslovi",,0,"Trajno",
"Godišnji statistički izveštaj Pravni i opšti poslovi",,104,"01 Pravni i opšti poslovi",,0,"Trajno",
"Izveštaji o broju radnika i rukovodećem kadru Pravni i opšti poslovi",,105,"01 Pravni i opšti poslovi",,0,"Trajno",
"Rešenja o novčanim nagradama i pismenim pohvalama Pravni i opšti poslovi",,106,"01 Pravni i opšti poslovi",,0,"Trajno",
"Naredbe i odluke direktora Pravni i opšti poslovi",,107,"01 Pravni i opšti poslovi",,0,"Trajno",
"Ugovori o zakupu poslovnih prostorija Pravni i opšti poslovi",,108,"01 Pravni i opšti poslovi","od isteka zakupa",120,"10 godina od isteka zakupa",
"Materijali u vezi sanacije Pravni i opšti poslovi",,109,"01 Pravni i opšti poslovi",,0,"Trajno",
"Rešenja o otvaranju stečaja, prinudnoj upravi Pravni i opšti poslovi",,110,"01 Pravni i opšti poslovi",,0,"Trajno",
"Rešenja o prinudnoj upravi Pravni i opšti poslovi",,111,"01 Pravni i opšti poslovi",,0,"Trajno",
"Materijali o posetama stranih delegacija Pravni i opšti poslovi",,112,"01 Pravni i opšti poslovi",,0,"Trajno",
"Godišnji plan obezbeđenja i protivpožarne zaštite Pravni i opšti poslovi",,113,"01 Pravni i opšti poslovi",,0,"Trajno",
"Odobrenje nadležne inspekcije rada za prekovremeni rad Pravni i opšti poslovi",,114,"01 Pravni i opšti poslovi",,60,"5 godina",
"Parnični predmeti Pravni i opšti poslovi",,115,"01 Pravni i opšti poslovi","po okončanju predmeta",120,"10 godina (po okončanju predmeta)",
"Akta o osiguranju lica i imovine Pravni i opšti poslovi",,116,"01 Pravni i opšti poslovi",,120,"10 godina",
"Akta - ovlašćenja za potpisivanje polise osiguranja Pravni i opšti poslovi",,117,"01 Pravni i opšti poslovi",,60,"5 godina",
"Akta doneta u upravnom postupku Pravni i opšti poslovi",,118,"01 Pravni i opšti poslovi",,60,"5 godina",
"Tužbe u vezi sa radnim sporom Pravni i opšti poslovi",,119,"01 Pravni i opšti poslovi","po okončanju predmeta",60,"5 godina po okončanju predmeta",
"Ugovori o delu, o autorskom honoraru, o građansko-pravnom odnosu i drugi Pravni i opšti poslovi",,120,"01 Pravni i opšti poslovi",,60,"5 godina",
"Raspisi, obaveštenja, zahtevi Pravni i opšti poslovi",,121,"01 Pravni i opšti poslovi",,36,"3 godine",
"Statut Pravilnici i drugi opšti akti",,201,"02 Pravilnici i drugi opšti akti",,0,"Trajno",
"Pravilnik o organizaciji i sistematizaciji poslova i radnih zadataka Pravilnici i drugi opšti akti",,202,"02 Pravilnici i drugi opšti akti",,0,"Trajno",
"Pravilnik o radnim odnosima Pravilnici i drugi opšti akti",,203,"02 Pravilnici i drugi opšti akti",,0,"Trajno",
"Kolektivni ugovori (opšti, posebni, pojedinačni) Pravilnici i drugi opšti akti",,204,"02 Pravilnici i drugi opšti akti",,0,"Trajno",
"Pravilnik o sticanju i raspodeli dohotka i zarada Pravilnici i drugi opšti akti",,205,"02 Pravilnici i drugi opšti akti",,0,"Trajno",
"Normativni akti društva, poslovnici o radu Upravnog odbora, Nadzornog odbora, i ostali pravilnici Pravilnici i drugi opšti akti",,206,"02 Pravilnici i drugi opšti akti",,0,"Trajno",
"Matična knjiga radnika Predmeti iz oblasti radnih odnosa",,301,"03 Grupa kategorija: Predmeti iz oblasti radnih odnosa",,0,"Trajno",
"Personalna dosijea radnika Predmeti iz oblasti radnih odnosa",,302,"03 Grupa kategorija: Predmeti iz oblasti radnih odnosa",,0,"Trajno",
"Evidencija o prijavama i odjavama radnika Obrasci: Predmeti iz oblasti radnih odnosa",,303,"03 Grupa kategorija: Predmeti iz oblasti radnih odnosa",,0,"Trajno",
"M1 - prijava na osiguranje"," M1/S3 - Prijava na osiguranje",304,"03 Grupa kategorija: Predmeti iz oblasti radnih odnosa",,0,,
"M2 - Odjava osiguranja"," M2/S3 - Odjava osiguranja",305,"03 Grupa kategorija: Predmeti iz oblasti radnih odnosa",,0,,
"M1K - Odjava - prijava osiguranja za više lica, M3 - Prijava promena u toku osiguranja; M3/S3 - Prijava podataka za utvrđivanje staža, M4 - Prijava podataka za utvrđivanje staža osiguranja i zarade, odnosno osnovica osiguranja; Predmeti iz oblasti radnih odnosa",,306,"03 Grupa kategorija: Predmeti iz oblasti radnih odnosa",,0,,
"M4/S3 - Prijava podataka za utvrđivanje staža osiguranja i zarade, odnosno osnovica osiguranja; M4K - Prijava podataka za utvrđivanje staža osiguranja za više lica; M6 - Prijava podataka za utvrđivanje staža osiguranja i zarade, odnosno osnovica osiguranja i zarade, odnosno osnovica osiguranja za više lica; Predmeti iz oblasti radnih odnosa",,307,"03 Grupa kategorija: Predmeti iz oblasti radnih odnosa",,0,,
"M7/PS - Prijava podataka o utvrđenom penzijskom stažu"," Predmeti iz oblasti radnih odnosa",308,"03 Grupa kategorija: Predmeti iz oblasti radnih odnosa",,0,,
"M8 - Prijava promene podataka za utvrđivanje staža osiguranja i zarade, osnosno osnovice; M10 - Prijava promene podataka za utvrđivanje staža osiguranja i zarade ostvarene primanjem novčanih naknada po osnovu invalidskog osiguranja Predmeti iz oblasti radnih odnosa",,309,"03 Grupa kategorija: Predmeti iz oblasti radnih odnosa",,0,,
"Utvrđivanje radnih mesta sa beneficiranim radnim stažom Predmeti iz oblasti radnih odnosa",,310,"03 Grupa kategorija: Predmeti iz oblasti radnih odnosa",,0,"Trajno",
"Rešenja iz radnog odnosa (drugi primerci) Predmeti iz oblasti radnih odnosa",,311,"03 Grupa kategorija: Predmeti iz oblasti radnih odnosa",,60,"5 godina",
"Ostala prepiska vezana za ostvarivanje prava iz socijalnog i invalidskog i penzijskog osiguranja Predmeti iz oblasti radnih odnosa",,312,"03 Grupa kategorija: Predmeti iz oblasti radnih odnosa",,60,"5 godina",
"Ostale personalne evidencije (izostanci, zakašnjenja, bolovanja itd.) Predmeti iz oblasti radnih odnosa",,313,"03 Grupa kategorija: Predmeti iz oblasti radnih odnosa",,60,"5 godina",
"Prigovori na žalbe na rešenja o raspoređivanju na radna mesta Predmeti iz oblasti radnih odnosa",,314,"03 Grupa kategorija: Predmeti iz oblasti radnih odnosa",,60,"5 godina",
"Dokumentacija u vezi sprovođenja konkursa za slobodna radna mesta: Predmeti iz oblasti radnih odnosa",,315,"03 Grupa kategorija: Predmeti iz oblasti radnih odnosa",,36,"3 godine",
"Rešenja o prekovremenom - skraćenom radnom vremenu Predmeti iz oblasti radnih odnosa",,316,"03 Grupa kategorija: Predmeti iz oblasti radnih odnosa",,36,"3 godine",
"Molbe i rešenja o korišćenju godišnjeg odmora Predmeti iz oblasti radnih odnosa",,317,"03 Grupa kategorija: Predmeti iz oblasti radnih odnosa",,36,"3 godine",
"Molbe i rešenja o plaćenom i neplaćenom odsustvu Predmeti iz oblasti radnih odnosa",,318,"03 Grupa kategorija: Predmeti iz oblasti radnih odnosa",,36,"3 godine",
"Rešenja o korišćenju porodiljskog odsustva - nege deteta Predmeti iz oblasti radnih odnosa",,319,"03 Grupa kategorija: Predmeti iz oblasti radnih odnosa",,36,"3 godine",
"Ostala rešenja iz radnih odnosa (potvrde, uverenja) Predmeti iz oblasti radnih odnosa",,320,"03 Grupa kategorija: Predmeti iz oblasti radnih odnosa",,36,"3 godine",
"Elaborati, planovi i programi o planiranju i investiranju Predmeti koji se odnose na investicije, izgradnju i adaptaciju objekata",,401,"04 Predmeti koji se odnose na investicije, izgradnju i adaptaciju objekata",,0,"Trajno",
"Tehnička dokumentacija (odluke o izgradnji, urbanističko tehnički uslovi, projekti sa svim pratećim materijalima, saglasnost nadležnih organa na projekat, upotrebna dozvola sa zapisnikom o tehničkom pregledu objekta, tehnička dokumentacija svih objekata) Predmeti koji se odnose na investicije, izgradnju i adaptaciju objekata",,402,"04 Predmeti koji se odnose na investicije, izgradnju i adaptaciju objekata",,0,"Trajno",
"Dokumenta o pravu korišćenja zemljišta za izgradnju objekta Predmeti koji se odnose na investicije, izgradnju i adaptaciju objekata",,403,"04 Predmeti koji se odnose na investicije, izgradnju i adaptaciju objekata",,0,"Trajno",
"Ugovor o projektovanju Predmeti koji se odnose na investicije, izgradnju i adaptaciju objekata",,404,"04 Predmeti koji se odnose na investicije, izgradnju i adaptaciju objekata",,0,"Trajno",
"Ugovor o gradnji - izvođenju radova Predmeti koji se odnose na investicije, izgradnju i adaptaciju objekata",,405,"04 Predmeti koji se odnose na investicije, izgradnju i adaptaciju objekata",,0,"Trajno",
"Rešenja o uknjižbi i korišćenju gradskog zemljišta Predmeti koji se odnose na investicije, izgradnju i adaptaciju objekata",,406,"04 Predmeti koji se odnose na investicije, izgradnju i adaptaciju objekata",,0,"Trajno",
"Projekti prepravki i dogradnje sa svim materijalima Predmeti koji se odnose na investicije, izgradnju i adaptaciju objekata",,407,"04 Predmeti koji se odnose na investicije, izgradnju i adaptaciju objekata",,0,"Trajno",
"Investicioni krediti Predmeti koji se odnose na investicije, izgradnju i adaptaciju objekata",,408,"04 Predmeti koji se odnose na investicije, izgradnju i adaptaciju objekata",,0,"Trajno",
"Atesti - uverenja o ispitivanju materijala Predmeti koji se odnose na investicije, izgradnju i adaptaciju objekata",,409,"04 Predmeti koji se odnose na investicije, izgradnju i adaptaciju objekata",,120,"10 godina",
"Građevinske knjige Predmeti koji se odnose na investicije, izgradnju i adaptaciju objekata",,410,"04 Predmeti koji se odnose na investicije, izgradnju i adaptaciju objekata",,120,"10 godina",
"Materijali u vezi popravke, adaptacije i održavanje zgrade i objekata (ponude, situacije, ugovori o radu, zapisnici o prijemu radova i ostala prepiska) Predmeti koji se odnose na investicije, izgradnju i adaptaciju objekata",,411,"04 Predmeti koji se odnose na investicije, izgradnju i adaptaciju objekata",,120,"10 godina",
"Ponude izvođača radova Predmeti koji se odnose na investicije, izgradnju i adaptaciju objekata",,412,"04 Predmeti koji se odnose na investicije, izgradnju i adaptaciju objekata",,60,"5 godina",
"Dnevnici rada Predmeti koji se odnose na investicije, izgradnju i adaptaciju objekata",,413,"04 Predmeti koji se odnose na investicije, izgradnju i adaptaciju objekata",,120,"10 godina",
"Materijali u vezi održavanja i popravka elektroinstalacije, vodovodnih instalacija, instalacija grejanja, telefonske instalacije Predmeti koji se odnose na investicije, izgradnju i adaptaciju objekata",,414,"04 Predmeti koji se odnose na investicije, izgradnju i adaptaciju objekata",,120,"10 godina",
"Materijali u vezi održavanja i popravki liftova Predmeti koji se odnose na investicije, izgradnju i adaptaciju objekata",,415,"04 Predmeti koji se odnose na investicije, izgradnju i adaptaciju objekata",,36,"3 godine",
"Stambena dokumentacija (građevinske dozvole, izgradnja, otkup, dodela, itd) Predmeti koji se odnose na investicije, izgradnju i adaptaciju objekata",,416,"04 Predmeti koji se odnose na investicije, izgradnju i adaptaciju objekata",,0,"Trajno",
"Pravilnik o kancelarijskom poslovanju  Kancelarijsko i arhivsko poslovanje",,501,"05 Kancelarijsko i arhivsko poslovanje",,0,"Trajno",
"Delovodnici (obični, skraćeni)  Kancelarijsko i arhivsko poslovanje",,502,"05 Kancelarijsko i arhivsko poslovanje",,0,"Trajno",
"Arhivska knjiga  Kancelarijsko i arhivsko poslovanje",,503,"05 Kancelarijsko i arhivsko poslovanje",,0,"Trajno",
"Lista kategorija registraturskog materijala sa rokovima čuvanja  Kancelarijsko i arhivsko poslovanje",,504,"05 Kancelarijsko i arhivsko poslovanje",,0,"Trajno",
"Dokumenta o odabiranju arhivske građe i uništavanju bezvrednog dokumentarnog materijala  Kancelarijsko i arhivsko poslovanje",,505,"05 Kancelarijsko i arhivsko poslovanje",,0,"Trajno",
"Zapisnici o pregledu arhivske građe  Kancelarijsko i arhivsko poslovanje",,506,"05 Kancelarijsko i arhivsko poslovanje",,0,"Trajno",
"Spisak štambilja i pečata  Kancelarijsko i arhivsko poslovanje",,507,"05 Kancelarijsko i arhivsko poslovanje",,0,"Trajno",
"Zapisnici o primopredaji dužnosti  Kancelarijsko i arhivsko poslovanje",,508,"05 Kancelarijsko i arhivsko poslovanje",,0,"Trajno",
"Rešenja o određivanju plana arhivskih oznaka za arhiviranje svršenih predmeta  Kancelarijsko i arhivsko poslovanje",,509,"05 Kancelarijsko i arhivsko poslovanje",,0,"Trajno",
"Prepiska po delovodniku (prečišćena)  Kancelarijsko i arhivsko poslovanje",,510,"05 Kancelarijsko i arhivsko poslovanje",,60,"5 godina",
"Kontrolnik poštarine  Kancelarijsko i arhivsko poslovanje",,511,"05 Kancelarijsko i arhivsko poslovanje",,60,"5 godine",
"Interna dostavna knjiga  Kancelarijsko i arhivsko poslovanje",,512,"05 Kancelarijsko i arhivsko poslovanje",,60,"5 godine",
"Dostavna knjiga za mesto  Kancelarijsko i arhivsko poslovanje",,513,"05 Kancelarijsko i arhivsko poslovanje",,36,"3 godine",
"Knjiga ekspedovane pošte  Kancelarijsko i arhivsko poslovanje",,514,"05 Kancelarijsko i arhivsko poslovanje",,36,"3 godine",
"Ostale pomoćne evidencije  Kancelarijsko i arhivsko poslovanje",,515,"05 Kancelarijsko i arhivsko poslovanje",,36,"3 godine",
"Reversi na primljene materijale iz arhive  Kancelarijsko i arhivsko poslovanje",,516,"05 Kancelarijsko i arhivsko poslovanje",,36,"3 godine",
"Punomoćja i ovlašćenja za podizanje poštanskih pošiljki, za preuzimanje izvoda i drugih materijala od banke, za nabavke i sl.  Kancelarijsko i arhivsko poslovanje",,517,"05 Kancelarijsko i arhivsko poslovanje",,36,"3 godine",
"Razne kopije potvrda, uverenja i rešenja  Kancelarijsko i arhivsko poslovanje",,518,"05 Kancelarijsko i arhivsko poslovanje",,24,"2 godine",
"Isplatne liste (platni spiskovi) ili analitičke evidencije (kartoni) zarada Finansijsko-materijalno poslovanje",,7010,"07 Finansijsko-materijalno poslovanje",,0,"Trajno",
"Evidencija o obračunatoj i isplaćenoj zaradi Finansijsko-materijalno poslovanje",,7011,"07 Finansijsko-materijalno poslovanje",,0,"Trajno",
"Prijave podataka za utvrđivanje staža - Obrazac M-4, M-UN, M-UNK, Finansijsko-materijalno poslovanje",,7012,"07 Finansijsko-materijalno poslovanje",,0,"Trajno",
"Početni bilansi koji se rade prilikom osnivanja, spajanja, pripajanja i podele preduzeća Finansijsko-materijalno poslovanje",,7013,"07 Finansijsko-materijalno poslovanje",,0,"Trajno",
"Završni račun sa prilozima, finansijski izveštaji i izveštaji o izvršenoj reviziji Finansijsko-materijalno poslovanje",,7014,"07 Finansijsko-materijalno poslovanje",,240,"20 godina",
"Finansijski plan (godišnji i višegodišnji) Finansijsko-materijalno poslovanje",,7015,"07 Finansijsko-materijalno poslovanje",,240,"20 godina",
"Knjiga evidencije i kartice osnovnih sredstava Finansijsko-materijalno poslovanje",,7016,"07 Finansijsko-materijalno poslovanje",,240,"20 godina",
"Poreska prijava o godišnjem obračunu akcize - Obrazac PPOAK (od 2018. u elektronskom obliku) Finansijsko-materijalno poslovanje",,7017,"07 Finansijsko-materijalno poslovanje",,120,"10 godina",
"Poreska prijava za utvrđivanje poreza na dobit Obrasci PB 1 PDP i PDPO (od 2016. u elektronskom obliku) Finansijsko-materijalno poslovanje",,7018,"07 Finansijsko-materijalno poslovanje",,120,"10 godina",
"Poreska prijava za porez na imovinu - Obrazac PPI-1 (od 2019. u elektronskom obliku) Finansijsko-materijalno poslovanje",,7019,"07 Finansijsko-materijalno poslovanje",,120,"10 godina",
"Poreske prijave za PDV - Obrasci EPPDV, POPDV, PP PDV (od 2014. u elektronskom obliku Finansijsko-materijalno poslovanje",,7020,"07 Finansijsko-materijalno poslovanje",,120,"10 godina",
"Obračuni i evidencije o isplaćenim zaradama i drugim primanjima koja ne čine zaradu zaposlenih - Obrazac PP OPJ (od 2014. u elektronskom obliku) Finansijsko-materijalno poslovanje",,7021,"07 Finansijsko-materijalno poslovanje",,120,"10 godina",
"Zapisnici Poreske uprave i drugih nadležnih organa u vezi finansijskog poslovanja Finansijsko-materijalno poslovanje",,7022,"07 Finansijsko-materijalno poslovanje",,120,"10 godina",
"Glavna knjiga Finansijsko-materijalno poslovanje",,7023,"07 Finansijsko-materijalno poslovanje",,120,"10 godina",
"Dnevnik glavne knjige Finansijsko-materijalno poslovanje",,7024,"07 Finansijsko-materijalno poslovanje",,120,"10 godina",
"Knjiga kontrolnika za izvoz robe i knjiga kontrolnika za uvoz robe Finansijsko-materijalno poslovanje",,7025,"07 Finansijsko-materijalno poslovanje",,120,"10 godina",
"Knjiga izlaznih računa, Izlazni računi (za obveznike PDV) Finansijsko-materijalno poslovanje",,7026,"07 Finansijsko-materijalno poslovanje",,120,"10 godina",
"Knjiga ulaznih računa, Ulazni računi (za obveznike PDV) Finansijsko-materijalno poslovanje",,7027,"07 Finansijsko-materijalno poslovanje",,120,"10 godina",
"Trgovačka knjiga Finansijsko-materijalno poslovanje",,7028,"07 Finansijsko-materijalno poslovanje",,120,"10 godina",
"Knjiga evidencije prometa i usluga (obrazac KEPU knjiga), dokumentacija na osnovu koje se vrše knjiženja u obrascu KEPU Finansijsko-materijalno poslovanje",,7029,"07 Finansijsko-materijalno poslovanje",,60,"5 godina",
"Analitika kupaca Finansijsko-materijalno poslovanje",,7030,"07 Finansijsko-materijalno poslovanje",,60,"5 godina",
"Analitika dobavljača Finansijsko-materijalno poslovanje",,7031,"07 Finansijsko-materijalno poslovanje",,60,"5 godina",
"Ostale analitike Finansijsko-materijalno poslovanje",,7032,"07 Finansijsko-materijalno poslovanje",,60,"5 godina",
"Izvodi iz banke - dinarski, devizni Finansijsko-materijalno poslovanje",,7033,"07 Finansijsko-materijalno poslovanje",,60,"5 godina",
"Prepiska sa bankom u vezi korišćenja raspoloživih deviznih sredstava Finansijsko-materijalno poslovanje",,7034,"07 Finansijsko-materijalno poslovanje",,60,"5 godina",
"Blagajna - dinarska i devizna Finansijsko-materijalno poslovanje",,7035,"07 Finansijsko-materijalno poslovanje",,60,"5 godina",
"Dnevnik blagajne Finansijsko-materijalno poslovanje",,7036,"07 Finansijsko-materijalno poslovanje",,60,"5 godina",
"Nalozi za knjiženje sa prilozima (primanote) Finansijsko-materijalno poslovanje",,7037,"07 Finansijsko-materijalno poslovanje",,60,"5 godina",
"Nalozi za obračun Finansijsko-materijalno poslovanje",,7038,"07 Finansijsko-materijalno poslovanje",,60,"5 godina",
"Nalozi za isplatu Finansijsko-materijalno poslovanje",,7039,"07 Finansijsko-materijalno poslovanje",,60,"5 godina",
"Nalozi za naplatu potraživanja Finansijsko-materijalno poslovanje",,7040,"07 Finansijsko-materijalno poslovanje",,60,"5 godina",
"Nalozi veleprodaje Finansijsko-materijalno poslovanje",,7041,"07 Finansijsko-materijalno poslovanje",,60,"5 godina",
"Nalozi i zahtevi za refundaciju zarada, naknadu zarada i bolovanje Finansijsko-materijalno poslovanje",,7042,"07 Finansijsko-materijalno poslovanje",,60,"5 godina",
"Plaćanje virmanom (nalozi i sl.) Finansijsko-materijalno poslovanje",,7043,"07 Finansijsko-materijalno poslovanje",,60,"5 godina",
"Knjiga izlaznih računa, Izlazni računi, Finansijsko-materijalno poslovanje",,7044,"07 Finansijsko-materijalno poslovanje",,60,"5 godina",
"Knjiga ulaznih računa, Ulazni računi Finansijsko-materijalno poslovanje",,7045,"07 Finansijsko-materijalno poslovanje",,60,"5 godina",
"Putni računi Finansijsko-materijalno poslovanje",,7046,"07 Finansijsko-materijalno poslovanje",,60,"5 godina",
"Računi konsignacije Finansijsko-materijalno poslovanje",,7047,"07 Finansijsko-materijalno poslovanje",,60,"5 godina",
"Računi unutrašnjeg prometa Finansijsko-materijalno poslovanje",,7048,"07 Finansijsko-materijalno poslovanje",,60,"5 godina",
"Računi usluga - servisa Finansijsko-materijalno poslovanje",,7049,"07 Finansijsko-materijalno poslovanje",,60,"5 godina",
"Računi tranzita Finansijsko-materijalno poslovanje",,7050,"07 Finansijsko-materijalno poslovanje",,60,"5 godina",
"Gotovinski računi Finansijsko-materijalno poslovanje",,7051,"07 Finansijsko-materijalno poslovanje",,60,"5 godina",
"Storno računi Finansijsko-materijalno poslovanje",,7052,"07 Finansijsko-materijalno poslovanje",,60,"5 godina",
"Radni nalozi Finansijsko-materijalno poslovanje",,7053,"07 Finansijsko-materijalno poslovanje",,60,"5 godina",
"Potrošački krediti (rešenja, zabrane) Finansijsko-materijalno poslovanje",,7054,"07 Finansijsko-materijalno poslovanje",,60,"5 godina",
"Robno materijalno knjigovodstvo Finansijsko-materijalno poslovanje",,7055,"07 Finansijsko-materijalno poslovanje",,60,"5 godina",
"Materijalne kartice Finansijsko-materijalno poslovanje",,7056,"07 Finansijsko-materijalno poslovanje",,60,"5 godina",
"Kartice inventara i alata Finansijsko-materijalno poslovanje",,7057,"07 Finansijsko-materijalno poslovanje",,60,"5 godina",
"Kartice potrošnog materijala Finansijsko-materijalno poslovanje",,7058,"07 Finansijsko-materijalno poslovanje",,60,"5 godina",
"Kartice stanja zaliha Finansijsko-materijalno poslovanje",,7059,"07 Finansijsko-materijalno poslovanje",,60,"5 godina",
"Zbirne kartice magacina Finansijsko-materijalno poslovanje",,7060,"07 Finansijsko-materijalno poslovanje",,60,"5 godina",
"Robni dnevnici (materijali) Finansijsko-materijalno poslovanje",,7061,"07 Finansijsko-materijalno poslovanje",,60,"5 godina",
"Evidencija rashodovanog materijala Finansijsko-materijalno poslovanje",,7062,"07 Finansijsko-materijalno poslovanje",,60,"5 godina",
"Popisne liste sirovina, materijala i sitnog inventara Finansijsko-materijalno poslovanje",,7063,"07 Finansijsko-materijalno poslovanje",,60,"5 godina",
"Periodični obračuni i drugi privremeni obračuni Finansijsko-materijalno poslovanje",,7064,"07 Finansijsko-materijalno poslovanje",,60,"5 godina",
"Prilozi za periodične obračune Finansijsko-materijalno poslovanje",,7065,"07 Finansijsko-materijalno poslovanje",,60,"5 godina",
"Sumnjiva i sporna potraživanja Finansijsko-materijalno poslovanje",,7066,"07 Finansijsko-materijalno poslovanje",,60,"5 godina",
"Specifikacije Finansijsko-materijalno poslovanje",,7067,"07 Finansijsko-materijalno poslovanje",,60,"5 godina",
"Kompenzacije Finansijsko-materijalno poslovanje",,7068,"07 Finansijsko-materijalno poslovanje",,60,"5 godina",
"Naplate i uplate kupaca Finansijsko-materijalno poslovanje",,7069,"07 Finansijsko-materijalno poslovanje",,60,"5 godina",
"Evidencije prevoza radnika, toplog obroka, reprezentacije Finansijsko-materijalno poslovanje",,7070,"07 Finansijsko-materijalno poslovanje",,60,"5 godina",
"Evidencija štete od osiguranja Finansijsko-materijalno poslovanje",,7071,"07 Finansijsko-materijalno poslovanje",,60,"5 godina",
"Polise osiguranja imovine i motornih vozila Finansijsko-materijalno poslovanje",,7072,"07 Finansijsko-materijalno poslovanje",,60,"5 godina",
"Finansijska prepiska sa kupcima i dobavljačima Finansijsko-materijalno poslovanje",,7073,"07 Finansijsko-materijalno poslovanje",,60,"5 godina",
"Privremene i konačne situacije Finansijsko-materijalno poslovanje",,7074,"07 Finansijsko-materijalno poslovanje",,60,"5 godina",
"Obračuni kamate Finansijsko-materijalno poslovanje",,7075,"07 Finansijsko-materijalno poslovanje",,60,"5 godina",
"Obračuni troškova (putnih i drugih) Finansijsko-materijalno poslovanje",,7076,"07 Finansijsko-materijalno poslovanje",,60,"5 godina",
"Obračuni akreditiva Finansijsko-materijalno poslovanje",,7077,"07 Finansijsko-materijalno poslovanje",,60,"5 godina",
"Obračuni amortizacije Finansijsko-materijalno poslovanje",,7078,"07 Finansijsko-materijalno poslovanje",,60,"5 godina",
"Kratkoročni zajmovi (ugovori i dr.) Finansijsko-materijalno poslovanje",,7079,"07 Finansijsko-materijalno poslovanje",,60,"5 godina",
"Zapisnici o sravnjivanju poslovnih knjiga Finansijsko-materijalno poslovanje",,7080,"07 Finansijsko-materijalno poslovanje",,60,"5 godina",
"Povraćaj sredstava kupaca Finansijsko-materijalno poslovanje",,7081,"07 Finansijsko-materijalno poslovanje",,60,"5 godina",
"Zaduženja i odobrenja Finansijsko-materijalno poslovanje",,7082,"07 Finansijsko-materijalno poslovanje",,60,"5 godina",
"Razduženja Finansijsko-materijalno poslovanje",,7083,"07 Finansijsko-materijalno poslovanje",,60,"5 godina",
"Revalorizacije Finansijsko-materijalno poslovanje",,7084,"07 Finansijsko-materijalno poslovanje",,60,"5 godina",
"Tovarni listovi Finansijsko-materijalno poslovanje",,7085,"07 Finansijsko-materijalno poslovanje",,60,"5 godina",
"Kontrolni listovi Finansijsko-materijalno poslovanje",,7086,"07 Finansijsko-materijalno poslovanje",,60,"5 godina",
"Zaključnice Finansijsko-materijalno poslovanje",,7087,"07 Finansijsko-materijalno poslovanje",,60,"5 godina",
"Prijemnice Finansijsko-materijalno poslovanje",,7088,"07 Finansijsko-materijalno poslovanje",,60,"5 godina",
"Porudžbenice i izjave Finansijsko-materijalno poslovanje",,7089,"07 Finansijsko-materijalno poslovanje",,60,"5 godina",
"Povratnice Finansijsko-materijalno poslovanje",,7090,"07 Finansijsko-materijalno poslovanje",,60,"5 godina",
"Dostavnice Finansijsko-materijalno poslovanje",,7091,"07 Finansijsko-materijalno poslovanje",,60,"5 godina",
"Otpremnice Finansijsko-materijalno poslovanje",,7092,"07 Finansijsko-materijalno poslovanje",,60,"5 godina",
"Radne liste Finansijsko-materijalno poslovanje",,7093,"07 Finansijsko-materijalno poslovanje",,60,"5 godina",
"Trebovanja materijala Finansijsko-materijalno poslovanje",,7094,"07 Finansijsko-materijalno poslovanje",,60,"5 godina",
"Opomene kupaca i dobavljača Finansijsko-materijalno poslovanje",,7095,"07 Finansijsko-materijalno poslovanje",,60,"5 godina",
"Menice (avalirane, indosinirane i sl.) Finansijsko-materijalno poslovanje",,7096,"07 Finansijsko-materijalno poslovanje",,60,"5 godina",
"Čekovi, kreditne uplate i priznanice Finansijsko-materijalno poslovanje",,7097,"07 Finansijsko-materijalno poslovanje",,60,"5 godina",
"Kreditna pisma Finansijsko-materijalno poslovanje",,7098,"07 Finansijsko-materijalno poslovanje",,60,"5 godina",
"Garantna pisma Finansijsko-materijalno poslovanje",,7099,"07 Finansijsko-materijalno poslovanje",,60,"5 godina",
"Knjižna pisma (izveštaji o knjiženju i sl.) Finansijsko-materijalno poslovanje",,7100,"07 Finansijsko-materijalno poslovanje",,60,"5 godina",
"Avansi Finansijsko-materijalno poslovanje",,7101,"07 Finansijsko-materijalno poslovanje",,60,"5 godina",
"Takse, povraćaj, žalbe na takse i sl.) Finansijsko-materijalno poslovanje",,7102,"07 Finansijsko-materijalno poslovanje",,60,"5 godina",
"Eskonti Finansijsko-materijalno poslovanje",,7103,"07 Finansijsko-materijalno poslovanje",,60,"5 godina",
"Akontacija zarada Finansijsko-materijalno poslovanje",,7104,"07 Finansijsko-materijalno poslovanje",,60,"5 godina",
"Izveštaji o utrošku goriva i potrošnog materijala Finansijsko-materijalno poslovanje",,7105,"07 Finansijsko-materijalno poslovanje",,60,"5 godina",
"Izveštaji sa službenog puta u zemlji Finansijsko-materijalno poslovanje",,7106,"07 Finansijsko-materijalno poslovanje",,60,"5 godina",
"Stanje kupaca i dobavljača Finansijsko-materijalno poslovanje",,7107,"07 Finansijsko-materijalno poslovanje",,60,"5 godina",
"Fiskalni računi Finansijsko-materijalno poslovanje",,7108,"07 Finansijsko-materijalno poslovanje",,36,"3 godine",
"Knjige fiskalnih računa Finansijsko-materijalno poslovanje",,7109,"07 Finansijsko-materijalno poslovanje",,36,"3 godine",
"Knjiga dnevnih izveštaja Finansijsko-materijalno poslovanje",,7110,"07 Finansijsko-materijalno poslovanje",,36,"3 godine",
"Kasa blokovi, paragon blokovi Finansijsko-materijalno poslovanje",,7111,"07 Finansijsko-materijalno poslovanje",,36,"3 godine",
"Interna zaduženja Finansijsko-materijalno poslovanje",,7112,"07 Finansijsko-materijalno poslovanje",,36,"3 godine",
"Interni nalozi Finansijsko-materijalno poslovanje",,7113,"07 Finansijsko-materijalno poslovanje",,36,"3 godine",
"Eksterni nalozi Finansijsko-materijalno poslovanje",,7114,"07 Finansijsko-materijalno poslovanje",,36,"3 godine",
"Putni nalozi za vozila Finansijsko-materijalno poslovanje",,7115,"07 Finansijsko-materijalno poslovanje",,36,"3 godine",
"Nalozi za nabavku potrošnog materijala i sl. Finansijsko-materijalno poslovanje",,7116,"07 Finansijsko-materijalno poslovanje",,36,"3 godine",
"Nalozi za kopiranje Finansijsko-materijalno poslovanje",,7117,"07 Finansijsko-materijalno poslovanje",,36,"3 godine",
"Nalozi magacinu Finansijsko-materijalno poslovanje",,7118,"07 Finansijsko-materijalno poslovanje",,36,"3 godine",
"Reklame i oglasi Finansijsko-materijalno poslovanje",,7119,"07 Finansijsko-materijalno poslovanje",,36,"3 godine",
"Izjave kupaca i dobavljača Finansijsko-materijalno poslovanje",,7120,"07 Finansijsko-materijalno poslovanje",,36,"3 godine",
"Izvodi otvorenih stavki (IOS)  saglasnost salda Finansijsko-materijalno poslovanje",,7121,"07 Finansijsko-materijalno poslovanje",,36,"3 godine",
"Rekapitulacija računa i dostavnice i sl. Finansijsko-materijalno poslovanje",,7122,"07 Finansijsko-materijalno poslovanje",,36,"3 godine",
"Evidencija izdatih bonova za gorivo Finansijsko-materijalno poslovanje",,7123,"07 Finansijsko-materijalno poslovanje",,36,"3 godine",
"Izlaznice Finansijsko-materijalno poslovanje",,7124,"07 Finansijsko-materijalno poslovanje",,24,"2 godine",
"Blok priznanice i trebovanja Finansijsko-materijalno poslovanje",,7125,"07 Finansijsko-materijalno poslovanje",,24,"2 godine",
"Program i plan razvoja informacionog sistema  Dokumentacija informacionih sistema (IS)",,801,"08 Dokumentacija informacionih sistema (IS)",,0,"Trajno",
"Projektna dokumentacija za IS  Dokumentacija informacionih sistema (IS)",,802,"08 Dokumentacija informacionih sistema (IS)",,0,"Trajno",
"Uputstva za rad na projektima IS-a  Dokumentacija informacionih sistema (IS)",,803,"08 Dokumentacija informacionih sistema (IS)",,0,"Trajno",
"Materijali (rešenja, programi, obuka, predavanja, priručnici) za obuku i osposobljavanje radnika iz oblasti IS-a  Dokumentacija informacionih sistema (IS)",,804,"08 Dokumentacija informacionih sistema (IS)",,0,"Trajno",
"Projektna i programska dokumentacija po poslovima i eksploataciji  Dokumentacija informacionih sistema (IS)",,805,"08 Dokumentacija informacionih sistema (IS)",,0,"Trajno",
"Uputstvo za rad po projektima u eksploataciji  Dokumentacija informacionih sistema (IS)",,806,"08 Dokumentacija informacionih sistema (IS)",,0,"Trajno",
"Tehnička dokumentacija IS  Dokumentacija informacionih sistema (IS)",,807,"08 Dokumentacija informacionih sistema (IS)",,0,"Trajno",
"Dokumentacija sistemskog i aplikativnog softvera  Dokumentacija informacionih sistema (IS)",,808,"08 Dokumentacija informacionih sistema (IS)",,0,"Trajno",
"Sigurnosne datoteke po projektima u eksploataciji  Dokumentacija informacionih sistema (IS)",,809,"08 Dokumentacija informacionih sistema (IS)",,0,"Trajno",
"Godišnji programi i izveštaji organizacionih delova iz oblasti informatike  Dokumentacija informacionih sistema (IS)",,810,"08 Dokumentacija informacionih sistema (IS)",,60,"5 godina",
"Program mera zaštite na radu Evidencija iz oblasti bezbednosti i zaštite na radu (BZR), zaštite od požara (ZOP)",,901,"09 Evidencija iz oblasti bezbednosti i zaštite na radu (BZR), zaštite od požara (ZOP)",,0,"Trajno",
"Akt o proceni rizika Evidencija iz oblasti bezbednosti i zaštite na radu (BZR), zaštite od požara (ZOP)",,902,"09 Evidencija iz oblasti bezbednosti i zaštite na radu (BZR), zaštite od požara (ZOP)",,0,"Trajno",
"Pravilnik o pravima, obavezama i odgovornosti u oblasti bezbednosti i zdravlja na radu Evidencija iz oblasti bezbednosti i zaštite na radu (BZR), zaštite od požara (ZOP)",,903,"09 Evidencija iz oblasti bezbednosti i zaštite na radu (BZR), zaštite od požara (ZOP)",,0,"Trajno",
"Program o osposobljavanju zaposlenih za bezbedan i zdrav rad Evidencija iz oblasti bezbednosti i zaštite na radu (BZR), zaštite od požara (ZOP)",,904,"09 Evidencija iz oblasti bezbednosti i zaštite na radu (BZR), zaštite od požara (ZOP)",,0,"Trajno",
"Zapisnici, rešenja, odluke i drugi akti inspekcijskih i nadležnih organa iz oblasti BZR Evidencija iz oblasti bezbednosti i zaštite na radu (BZR), zaštite od požara (ZOP)",,905,"09 Evidencija iz oblasti bezbednosti i zaštite na radu (BZR), zaštite od požara (ZOP)",,0,"Trajno",
"Sporazumi o ostvarivanju saradnje u primeni propisanih mera BZR između poslodavaca koji privremeno dele radni prostor Evidencija iz oblasti bezbednosti i zaštite na radu (BZR), zaštite od požara (ZOP)",,906,"09 Evidencija iz oblasti bezbednosti i zaštite na radu (BZR), zaštite od požara (ZOP)",,240,"20 godina",
"Izjave o upoznatosti sa planom preventivnih mera Evidencija iz oblasti bezbednosti i zaštite na radu (BZR), zaštite od požara (ZOP)",,907,"09 Evidencija iz oblasti bezbednosti i zaštite na radu (BZR), zaštite od požara (ZOP)",,240,"20 godina",
"Evidencije BZR obrazaca 1, 2, 3, 4, 5, 6, 11, 12, 13 i 14 Evidencija iz oblasti bezbednosti i zaštite na radu (BZR), zaštite od požara (ZOP)",,908,"09 Evidencija iz oblasti bezbednosti i zaštite na radu (BZR), zaštite od požara (ZOP)",,480,"40 godina",
"Evidencije BZR obrazaca 8, 9 i 10 Evidencija iz oblasti bezbednosti i zaštite na radu (BZR), zaštite od požara (ZOP)",,909,"09 Evidencija iz oblasti bezbednosti i zaštite na radu (BZR), zaštite od požara (ZOP)","od dana prestanka važenja stručnog nalaza",72,"6 godina od dana prestanka važenja stručnog nalaza",
"Evidencije BZR obrazaca 7 Evidencija iz oblasti bezbednosti i zaštite na radu (BZR), zaštite od požara (ZOP)",,910,"09 Evidencija iz oblasti bezbednosti i zaštite na radu (BZR), zaštite od požara (ZOP)","od dana prestanka korišćenja opasne materije",36,"3 godine od dana prestanka korišćenja opasne materije",
"Izveštaji o lekarskim pregledima zaposlenih Evidencija iz oblasti bezbednosti i zaštite na radu (BZR), zaštite od požara (ZOP)",,911,"09 Evidencija iz oblasti bezbednosti i zaštite na radu (BZR), zaštite od požara (ZOP)",,480,"40 godina",
"Stručni nalazi o pregledu mašina, opreme, instalacija i ispitivanja radne okoline Evidencija iz oblasti bezbednosti i zaštite na radu (BZR), zaštite od požara (ZOP)",,912,"09 Evidencija iz oblasti bezbednosti i zaštite na radu (BZR), zaštite od požara (ZOP)","od dana prestanka važenja stručnog nalaza",72,"6 godina od dana prestanka važenja stručnog nalaza",
"Pojedinačna akta lica za bezbednost i zaštitu na radu iz oblasti BZR Evidencija iz oblasti bezbednosti i zaštite na radu (BZR), zaštite od požara (ZOP)",,913,"09 Evidencija iz oblasti bezbednosti i zaštite na radu (BZR), zaštite od požara (ZOP)",,240,"20 godina",
"Uverenja o osposobljenosti zaposlenih za pružanje prve pomoći Evidencija iz oblasti bezbednosti i zaštite na radu (BZR), zaštite od požara (ZOP)",,914,"09 Evidencija iz oblasti bezbednosti i zaštite na radu (BZR), zaštite od požara (ZOP)",,60,"5 godina",
"Zapisnici o redovnim i vanrednim pregledima stanja zaštite na radu Evidencija iz oblasti bezbednosti i zaštite na radu (BZR), zaštite od požara (ZOP)",,915,"09 Evidencija iz oblasti bezbednosti i zaštite na radu (BZR), zaštite od požara (ZOP)",,120,"10 godina",
"Materijali u vezi obuke radnika za rukovanje protivpožarnim i drugim aparatima Evidencija iz oblasti bezbednosti i zaštite na radu (BZR), zaštite od požara (ZOP)",,916,"09 Evidencija iz oblasti bezbednosti i zaštite na radu (BZR), zaštite od požara (ZOP)",,60,"5 godina",
"Ostale prepiske vezane za oblast zaštite na radu Evidencija iz oblasti bezbednosti i zaštite na radu (BZR), zaštite od požara (ZOP)",,917,"09 Evidencija iz oblasti bezbednosti i zaštite na radu (BZR), zaštite od požara (ZOP)",,60,"5 godina",
"Plan i pravila zaštite od požara Evidencija iz oblasti bezbednosti i zaštite na radu (BZR), zaštite od požara (ZOP)",,918,"09 Evidencija iz oblasti bezbednosti i zaštite na radu (BZR), zaštite od požara (ZOP)",,0,"Trajno",
"Program osnovne obuke zaposlenih iz oblasti zaštite od požara Evidencija iz oblasti bezbednosti i zaštite na radu (BZR), zaštite od požara (ZOP)",,919,"09 Evidencija iz oblasti bezbednosti i zaštite na radu (BZR), zaštite od požara (ZOP)",,0,"Trajno",
"Zapisnici, rešenja, odluke i drugi akti inspekcijskih i nadležnih organa iz oblasti ZOP Evidencija iz oblasti bezbednosti i zaštite na radu (BZR), zaštite od požara (ZOP)",,920,"09 Evidencija iz oblasti bezbednosti i zaštite na radu (BZR), zaštite od požara (ZOP)",,0,"Trajno",
"Pojedinačna akta lica za bezbednost i zaštitu na radu iz oblasti ZOP Evidencija iz oblasti bezbednosti i zaštite na radu (BZR), zaštite od požara (ZOP)",,921,"09 Evidencija iz oblasti bezbednosti i zaštite na radu (BZR), zaštite od požara (ZOP)",,240,"20 godina",
"Plan upravljanja otpadom Evidencija iz oblasti bezbednosti i zaštite na radu (BZR), zaštite od požara (ZOP)",,922,"09 Evidencija iz oblasti bezbednosti i zaštite na radu (BZR), zaštite od požara (ZOP)",,0,"Trajno",
"Zapisnici, rešenja, odluke i drugi akti inspekcijskih i nadležnih organa iz oblasti ZŽS Evidencija iz oblasti bezbednosti i zaštite na radu (BZR), zaštite od požara (ZOP)",,923,"09 Evidencija iz oblasti bezbednosti i zaštite na radu (BZR), zaštite od požara (ZOP)",,0,"Trajno",
"Dokumenti o kretanju opasnog i neopasnog otpada Evidencija iz oblasti bezbednosti i zaštite na radu (BZR), zaštite od požara (ZOP)",,924,"09 Evidencija iz oblasti bezbednosti i zaštite na radu (BZR), zaštite od požara (ZOP)",,0,"Trajno",
"Izveštaj o ispitivanju otpada Evidencija iz oblasti bezbednosti i zaštite na radu (BZR), zaštite od požara (ZOP)",,925,"09 Evidencija iz oblasti bezbednosti i zaštite na radu (BZR), zaštite od požara (ZOP)",,240,"20 godina",
"Obuke iz oblasti zaštite životne sredine Evidencija iz oblasti bezbednosti i zaštite na radu (BZR), zaštite od požara (ZOP)",,926,"09 Evidencija iz oblasti bezbednosti i zaštite na radu (BZR), zaštite od požara (ZOP)",,0,"Trajno",
"Zapisnici o radu Odbora za kvalitet Dokumentacija sistema kvaliteta prema zahtevima standarda SRPS ISO 9000 (ako privredno društvo poseduje sertifikat)",,1001,"10 Dokumentacija sistema kvaliteta prema zahtevima standarda SRPS ISO 9000 (ako privredno društvo poseduje sertifikat)",,0,"Trajno",
"Poslovnik o kvalitetu Dokumentacija sistema kvaliteta prema zahtevima standarda SRPS ISO 9000 (ako privredno društvo poseduje sertifikat)",,1002,"10 Dokumentacija sistema kvaliteta prema zahtevima standarda SRPS ISO 9000 (ako privredno društvo poseduje sertifikat)",,0,"Trajno",
"Procedure sistema kvaliteta Dokumentacija sistema kvaliteta prema zahtevima standarda SRPS ISO 9000 (ako privredno društvo poseduje sertifikat)",,1003,"10 Dokumentacija sistema kvaliteta prema zahtevima standarda SRPS ISO 9000 (ako privredno društvo poseduje sertifikat)",,0,"Trajno",
"Uputstva sistema kvaliteta, Plan kvaliteta Dokumentacija sistema kvaliteta prema zahtevima standarda SRPS ISO 9000 (ako privredno društvo poseduje sertifikat)",,1004,"10 Dokumentacija sistema kvaliteta prema zahtevima standarda SRPS ISO 9000 (ako privredno društvo poseduje sertifikat)",,0,"Trajno",
